{"cameraMode":{"drawMode":0,"name":"Shaded","section":"Shading Mode"},"sceneLighting":false,"audioPlay":false,"sceneViewState":{"showFog":true,"showMaterialUpdate":false,"showSkybox":false,"showFlares":true,"showImageEffects":true,"showParticleSystems":true},"in2DMode":false,"pivot":{"x":0.007690846920013428,"y":1.2226953506469727,"z":-0.02636927366256714},"rotation":{"x":0.7049816250801086,"y":0.001063793315552175,"z":-0.0010577741777524353,"w":0.7092240452766419},"size":5.410587310791016,"orthographic":false}