{"cameraMode":{"drawMode":0,"name":"Shaded","section":"Shading Mode"},"sceneLighting":false,"audioPlay":false,"sceneViewState":{"showFog":true,"showMaterialUpdate":false,"showSkybox":false,"showFlares":true,"showImageEffects":true,"showParticleSystems":true},"in2DMode":false,"pivot":{"x":0.32761621475219729,"y":0.797842800617218,"z":-8.481554985046387},"rotation":{"x":0.5642456412315369,"y":0.03094271942973137,"z":-0.021169813349843026,"w":0.8247553110122681},"size":7.575753211975098,"orthographic":true}