{"cameraMode":{"drawMode":0,"name":"Shaded","section":"Shading Mode"},"sceneLighting":false,"audioPlay":false,"sceneViewState":{"showFog":true,"showMaterialUpdate":false,"showSkybox":false,"showFlares":true,"showImageEffects":true,"showParticleSystems":true},"in2DMode":false,"pivot":{"x":41.152000427246097,"y":0.27500003576278689,"z":-4.328000068664551},"rotation":{"x":-0.330427348613739,"y":0.02689356915652752,"z":-0.009420571848750115,"w":-0.9434012174606323},"size":3.849768877029419,"orthographic":true}