{"cameraMode":{"drawMode":0,"name":"Shaded","section":"Shading Mode"},"sceneLighting":false,"audioPlay":false,"sceneViewState":{"showFog":true,"showMaterialUpdate":false,"showSkybox":false,"showFlares":true,"showImageEffects":true,"showParticleSystems":true},"in2DMode":false,"pivot":{"x":-1.623152494430542,"y":4.199999809265137,"z":51.779998779296878},"rotation":{"x":-0.7339001893997192,"y":-0.017313821241259576,"z":0.018717670813202859,"w":-0.6787786483764648},"size":33.02062225341797,"orthographic":true}