{"cameraMode":{"drawMode":0,"name":"Shaded","section":"Shading Mode"},"sceneLighting":false,"audioPlay":false,"sceneViewState":{"showFog":true,"showMaterialUpdate":false,"showSkybox":false,"showFlares":true,"showImageEffects":true,"showParticleSystems":true},"in2DMode":false,"pivot":{"x":0.5286349058151245,"y":-0.7216397523880005,"z":-10.079647064208985},"rotation":{"x":0.3633992373943329,"y":0.019562209025025369,"z":-0.0076325153931975369,"w":0.9313968420028687},"size":22.0,"orthographic":true}