{"cameraMode":{"drawMode":0,"name":"Shaded","section":"Shading Mode"},"sceneLighting":false,"audioPlay":false,"sceneViewState":{"showFog":true,"showMaterialUpdate":false,"showSkybox":false,"showFlares":true,"showImageEffects":true,"showParticleSystems":true},"in2DMode":false,"pivot":{"x":-0.4365895986557007,"y":4.1900529861450199,"z":-3.9005696773529054},"rotation":{"x":0.17937055230140687,"y":0.4777558147907257,"z":-0.10033304989337921,"w":0.8541128635406494},"size":12.453262329101563,"orthographic":true}